<?xml version = '1.0' encoding = 'UTF-8'?>
<InheritanceRelation class="oracle.dbtools.crest.model.design.logical.InheritanceRelation" name="is_manager" directorySegmentName="seg_0" id="D032F22B-C47C-6693-3BF4-02384FF04EA1">
<createdBy>dimit</createdBy>
<createdTime>2019-11-05 22:03:51 UTC</createdTime>
<ownerDesignName>pozoriste</ownerDesignName>
<engineerTo>
<item key="021EC0E8-2BAC-6DC0-6D5A-9C3587CE2BE9" value="true"/>
</engineerTo>
<identifying>false</identifying>
<nameOnSource>Super Type</nameOnSource>
<nameOnTarget>Sub Type</nameOnTarget>
<optionalSource>true</optionalSource>
<optionalTarget>true</optionalTarget>
<sourceEntity>2192F86E-AA82-90E8-98BA-9CE3A9238393</sourceEntity>
<targetEntity>28CE841A-E977-89E1-07D0-89E0AA81290C</targetEntity>
<transferable>true</transferable>
<deleteRule>NO ACTION</deleteRule>
</InheritanceRelation>