<?xml version = '1.0' encoding = 'UTF-8'?>
<Table class="oracle.dbtools.crest.model.design.relational.Table" directorySegmentName="seg_0" id="25EC72C5-EE23-1331-AEB3-387FCBB36452" name="Place">
<createdBy>Milica</createdBy>
<createdTime>2020-11-26 08:11:52 UTC</createdTime>
<generatorID>5A7A9B3F-AD66-E91D-4805-57953BCC6432</generatorID>
<ownerDesignName>theatremodel</ownerDesignName>
<allowColumnReorder>false</allowColumnReorder>
<existDependencyGenerateInDDl>true</existDependencyGenerateInDDl>
<parsed>true</parsed>
<columns itemClass="oracle.dbtools.crest.model.design.relational.Column">
<Column name="id_pl" id="DC999EEA-6A5D-CFCF-5EC6-742666ED93FD">
<createdBy>Milica</createdBy>
<createdTime>2020-11-26 08:11:52 UTC</createdTime>
<generatorID>F0A7EFDD-DED9-E97F-1A34-5F1944EA30B2</generatorID>
<ownerDesignName>theatremodel</ownerDesignName>
<useDomainConstraints>false</useDomainConstraints>
<use>1</use>
<logicalDatatype>LOGDT011</logicalDatatype>
<ownDataTypeParameters>,,</ownDataTypeParameters>
<autoIncrementCycle>false</autoIncrementCycle>
</Column>
<Column name="name_pl" id="6B2165A1-13B1-B839-4496-87F8B1FE19DC">
<createdBy>Milica</createdBy>
<createdTime>2020-11-26 08:11:52 UTC</createdTime>
<generatorID>FB0422C8-AF8E-A94C-D153-E9E55B17E268</generatorID>
<ownerDesignName>theatremodel</ownerDesignName>
<useDomainConstraints>false</useDomainConstraints>
<use>1</use>
<logicalDatatype>LOGDT024</logicalDatatype>
<dataTypeSize>32 CHAR</dataTypeSize>
<ownDataTypeParameters>32 CHAR,,</ownDataTypeParameters>
<autoIncrementCycle>false</autoIncrementCycle>
</Column>
<Column name="Country_id_cn" id="FAC7E1B8-1A8D-77F4-0477-B5940D8DDF52">
<createdBy>Milica</createdBy>
<createdTime>2020-11-26 08:11:52 UTC</createdTime>
<generatorID>0F8EADEC-A42E-CA18-5387-F9A71986B478</generatorID>
<ownerDesignName>theatremodel</ownerDesignName>
<useDomainConstraints>false</useDomainConstraints>
<use>1</use>
<logicalDatatype>LOGDT011</logicalDatatype>
<ownDataTypeParameters>,,</ownDataTypeParameters>
<previousColumn>false</previousColumn>
<autoIncrementCycle>false</autoIncrementCycle>
<associations>
<colAssociation fkAssociation="03F5A6F6-8D53-9776-9DD9-DBC9A1C604E2" referredColumn="9DC290C7-9029-5BF8-37B6-F08B68EAE70E"/>
</associations>
</Column>
</columns>
<indexes itemClass="oracle.dbtools.crest.model.design.relational.Index">
<ind_PK_UK id="5D9D012A-1424-E7C9-9169-479F429B0AE6" name="Place_PK">
<createdBy>Milica</createdBy>
<createdTime>2020-11-26 08:11:52 UTC</createdTime>
<generatorID>39D853F1-BED9-2185-D0A6-BBB695C6FEF5</generatorID>
<ownerDesignName>theatremodel</ownerDesignName>
<pk>true</pk>
<indexState>Primary Constraint</indexState>
<isSurrogateKey>false</isSurrogateKey>
<indexColumnUsage>
<colUsage columnID="DC999EEA-6A5D-CFCF-5EC6-742666ED93FD"/>
</indexColumnUsage>
</ind_PK_UK>
<ind_PK_UK id="F325D1F5-23B9-8822-B3BE-D26B5BA5E103" name="Place_Country_FK">
<createdBy>Milica</createdBy>
<createdTime>2020-11-26 08:11:52 UTC</createdTime>
<generatorID>BD6B7D23-DC13-258B-FABC-5B608A05B1B1</generatorID>
<ownerDesignName>theatremodel</ownerDesignName>
<indexState>Foreign Key</indexState>
<isSurrogateKey>false</isSurrogateKey>
<indexColumnUsage>
<colUsage columnID="FAC7E1B8-1A8D-77F4-0477-B5940D8DDF52"/>
</indexColumnUsage>
</ind_PK_UK>
</indexes>
</Table>