<?xml version = '1.0' encoding = 'UTF-8'?>
<Table class="oracle.dbtools.crest.model.design.relational.Table" directorySegmentName="seg_0" id="8EB094DB-5368-1A1D-CBBC-3AEF1F69E522" name="Department">
<createdBy>Milica</createdBy>
<createdTime>2020-11-26 08:11:52 UTC</createdTime>
<generatorID>BACEF01B-D4D1-9381-6BD6-A7BC696EA857</generatorID>
<ownerDesignName>theatremodel</ownerDesignName>
<allowColumnReorder>false</allowColumnReorder>
<existDependencyGenerateInDDl>true</existDependencyGenerateInDDl>
<parsed>true</parsed>
<columns itemClass="oracle.dbtools.crest.model.design.relational.Column">
<Column name="id_dpt" id="B9F98759-B08D-2CF9-7799-E413443032FE">
<createdBy>Milica</createdBy>
<createdTime>2020-11-26 08:11:52 UTC</createdTime>
<generatorID>29120945-56D9-CF6A-EC72-38187551DA37</generatorID>
<ownerDesignName>theatremodel</ownerDesignName>
<useDomainConstraints>false</useDomainConstraints>
<use>1</use>
<logicalDatatype>LOGDT011</logicalDatatype>
<ownDataTypeParameters>,,</ownDataTypeParameters>
<autoIncrementCycle>false</autoIncrementCycle>
</Column>
<Column name="name_dp" id="F6CFDA74-4A6D-FAE5-2BCA-6B716DCB2D07">
<createdBy>Milica</createdBy>
<createdTime>2020-11-26 08:11:52 UTC</createdTime>
<generatorID>AF38550B-92A1-4339-638A-FEB266939127</generatorID>
<ownerDesignName>theatremodel</ownerDesignName>
<useDomainConstraints>false</useDomainConstraints>
<use>1</use>
<logicalDatatype>LOGDT024</logicalDatatype>
<dataTypeSize>32 CHAR</dataTypeSize>
<ownDataTypeParameters>32 CHAR,,</ownDataTypeParameters>
<autoIncrementCycle>false</autoIncrementCycle>
</Column>
<Column name="Theatre_id_th" id="9AF6005E-B992-D68C-6DFC-EE97B12FFAED">
<createdBy>Milica</createdBy>
<createdTime>2020-11-26 08:11:52 UTC</createdTime>
<generatorID>444EFA17-74CA-9613-09AA-FA917FFF4A5E</generatorID>
<ownerDesignName>theatremodel</ownerDesignName>
<useDomainConstraints>false</useDomainConstraints>
<use>1</use>
<logicalDatatype>LOGDT011</logicalDatatype>
<ownDataTypeParameters>,,</ownDataTypeParameters>
<previousColumn>false</previousColumn>
<autoIncrementCycle>false</autoIncrementCycle>
<associations>
<colAssociation fkAssociation="3B4BFCAD-9E29-2FBA-0C65-A1E621496651" referredColumn="636B23C1-6116-D71A-1FB0-A1457A986FD8"/>
</associations>
</Column>
</columns>
<indexes itemClass="oracle.dbtools.crest.model.design.relational.Index">
<ind_PK_UK id="52596776-2AA9-B39A-A5F5-58F0198560E4" name="Department_PK">
<createdBy>Milica</createdBy>
<createdTime>2020-11-26 08:11:52 UTC</createdTime>
<generatorID>1DE88A75-737D-F07B-5DD5-12163C5C45E0</generatorID>
<ownerDesignName>theatremodel</ownerDesignName>
<pk>true</pk>
<indexState>Primary Constraint</indexState>
<isSurrogateKey>false</isSurrogateKey>
<indexColumnUsage>
<colUsage columnID="B9F98759-B08D-2CF9-7799-E413443032FE"/>
</indexColumnUsage>
</ind_PK_UK>
<ind_PK_UK id="3B865D57-5C52-07AE-5890-C225E76371A5" name="Department_Theatre_FK">
<createdBy>Milica</createdBy>
<createdTime>2020-11-26 08:11:52 UTC</createdTime>
<generatorID>903A9646-B9D8-68C5-1B87-9E9E2BF5AF84</generatorID>
<ownerDesignName>theatremodel</ownerDesignName>
<indexState>Foreign Key</indexState>
<isSurrogateKey>false</isSurrogateKey>
<indexColumnUsage>
<colUsage columnID="9AF6005E-B992-D68C-6DFC-EE97B12FFAED"/>
</indexColumnUsage>
</ind_PK_UK>
</indexes>
</Table>