<?xml version = '1.0' encoding = 'UTF-8'?>
<FKIndexAssociation class="oracle.dbtools.crest.model.design.relational.FKIndexAssociation" directorySegmentName="seg_0" id="69B7812A-0309-A39E-E3FF-87A55245E35B" containerWithKeyObject="064FFA15-6EAB-D20F-BBDA-54D85F09EE83" localFKIndex="8BD737BF-F2AF-983B-3CF1-144ED2316D30" name="TheatreManager_Employee_FK">
<createdBy>Milica</createdBy>
<createdTime>2020-11-26 08:11:52 UTC</createdTime>
<generatorID>D032F22B-C47C-6693-3BF4-02384FF04EA1</generatorID>
<ownerDesignName>theatremodel</ownerDesignName>
<referredTableLongName>Employee</referredTableLongName>
<arc>8D1BCEE6-1829-9F14-558B-EFBB63CF5223</arc>
<deleteRule>NO ACTION</deleteRule>
<referredTableID>8CD32D0D-DDB5-F3AC-48FA-4D5CB220410C</referredTableID>
<keyObject>58F44735-00DA-D533-ADCA-47548F3A758E</keyObject>
<referredKeyID>58F44735-00DA-D533-ADCA-47548F3A758E</referredKeyID>
<mandatory>true</mandatory>
<refColNames>id_em</refColNames>
<transferable>true</transferable>
<rely>false</rely>
<columnDependencyConstraintGenerateInDDL>true</columnDependencyConstraintGenerateInDDL>
</FKIndexAssociation>