<?xml version = '1.0' encoding = 'UTF-8'?>
<FKIndexAssociation class="oracle.dbtools.crest.model.design.relational.FKIndexAssociation" directorySegmentName="seg_0" id="9586B9BE-D3ED-F822-D686-2D996263C632" containerWithKeyObject="03327D34-5238-5E4F-CC82-CD6A1583DBBB" localFKIndex="661C2C27-B75C-33DE-4540-C152902B358C" name="Actor_Theatre_FK">
<createdBy>Milica</createdBy>
<createdTime>2020-11-26 08:11:52 UTC</createdTime>
<generatorID>C3308450-80EE-A1AC-AB10-7CC108A0F55A</generatorID>
<ownerDesignName>theatremodel</ownerDesignName>
<referredTableLongName>Theatre</referredTableLongName>
<deleteRule>NO ACTION</deleteRule>
<referredTableID>AC6DD261-778F-C38D-CE2F-1E4961E7D6D3</referredTableID>
<keyObject>7F21A5AA-6EB3-A1E9-776E-557C6F5C4603</keyObject>
<referredKeyID>7F21A5AA-6EB3-A1E9-776E-557C6F5C4603</referredKeyID>
<mandatory>false</mandatory>
<refColNames>id_th</refColNames>
<transferable>true</transferable>
<rely>false</rely>
<columnDependencyConstraintGenerateInDDL>true</columnDependencyConstraintGenerateInDDL>
</FKIndexAssociation>