<?xml version = '1.0' encoding = 'UTF-8'?>
<relationalModel class="oracle.dbtools.crest.model.design.relational.RelationalDesign" name="Relational_1" id="F3864E53-574B-53A5-B19B-68E85A655A86" mainViewID="59824171-AFFB-C23E-F236-ECFB4AFD7FDF">
<createdBy>Milica</createdBy>
<createdTime>2020-11-26 08:10:03 UTC</createdTime>
<ownerDesignName>theatremodel</ownerDesignName>
<shouldBeOpen>false</shouldBeOpen>
<selectedRDBMSSite>32076570-2523-435C-2E92-BF29817DFF70</selectedRDBMSSite>
</relationalModel>